{"cameraMode":{"drawMode":0,"name":"Shaded","section":"Shading Mode"},"sceneLighting":false,"audioPlay":false,"sceneViewState":{"m_AlwaysRefresh":false,"showFog":true,"showSkybox":false,"showFlares":true,"showImageEffects":true,"showParticleSystems":true,"showVisualEffectGraphs":true,"m_FxEnabled":true},"in2DMode":false,"pivot":{"x":-0.09201699495315552,"y":0.5188581943511963,"z":0.19075042009353639},"rotation":{"x":-0.010520953685045243,"y":0.9846519827842712,"z":-0.06390496343374253,"w":-0.16213618218898774},"size":1.822205901145935,"orthographic":false}