{"cameraMode":{"drawMode":0,"name":"Shaded","section":"Shading Mode"},"sceneLighting":false,"audioPlay":false,"sceneViewState":{"m_AlwaysRefresh":false,"showFog":true,"showSkybox":false,"showFlares":true,"showImageEffects":true,"showParticleSystems":true,"showVisualEffectGraphs":true,"m_FxEnabled":true},"in2DMode":false,"pivot":{"x":-0.04813237860798836,"y":0.26694515347480776,"z":0.5767613649368286},"rotation":{"x":-0.030404197052121164,"y":0.9242294430732727,"z":-0.07531516999006272,"w":-0.3731186091899872},"size":1.2869962453842164,"orthographic":false}