{"cameraMode":{"drawMode":0,"name":"Shaded","section":"Shading Mode"},"sceneLighting":false,"audioPlay":false,"sceneViewState":{"m_AlwaysRefresh":false,"showFog":true,"showSkybox":false,"showFlares":true,"showImageEffects":true,"showParticleSystems":true,"showVisualEffectGraphs":true,"m_FxEnabled":true},"in2DMode":false,"pivot":{"x":0.02124285139143467,"y":0.13327158987522126,"z":0.713714063167572},"rotation":{"x":-0.06376718729734421,"y":0.6794812679290772,"z":-0.05947619676589966,"w":-0.7284993529319763},"size":0.8270542621612549,"orthographic":false}